{"stat.useItem.minecraft.bow":32,"stat.pickup.minecraft.bone":39,"stat.leaveGame":18,"stat.mineBlock.minecraft.pumpkin":2,"stat.pickup.minecraft.flint":1,"stat.entityKilledBy.Witch":2,"stat.drop.minecraft.enchanted_book":1,"stat.swimOneCm":86236,"stat.pickup.minecraft.enchanted_book":1,"stat.drop.minecraft.cobblestone":17,"stat.pickup.minecraft.cooked_porkchop":5,"stat.useItem.minecraft.dirt":195,"stat.useItem.minecraft.stone_slab2":30,"stat.pickup.minecraft.bow":2,"stat.drop.minecraft.iron_sword":1,"stat.pickup.minecraft.rotten_flesh":68,"stat.pickup.minecraft.sand":35,"stat.entityKilledBy.Spider":2,"stat.craftItem.minecraft.cooked_beef":6,"stat.pickup.minecraft.cobblestone":62,"stat.mineBlock.minecraft.clay":1,"stat.flyOneCm":394294,"stat.pickup.minecraft.sandstone":2,"stat.mineBlock.minecraft.sand":8,"stat.pickup.narutomod.kunai":3,"stat.drop.minecraft.wheat_seeds":7,"stat.useItem.minecraft.cooked_beef":25,"stat.drop.minecraft.clay_ball":8,"stat.timeSinceDeath":3470,"stat.useItem.minecraft.spider_eye":5,"stat.drop.minecraft.log":21,"stat.drop.minecraft.spider_eye":2,"stat.pickup.minecraft.double_plant":2,"stat.drop.minecraft.coal":5,"stat.furnaceInteraction":11,"stat.drop.minecraft.dirt":112,"stat.killEntity.Wolf":1,"stat.useItem.minecraft.cooked_porkchop":17,"stat.mineBlock.minecraft.coal_ore":3,"stat.drop.minecraft.red_flower":4,"stat.pickup.minecraft.string":14,"stat.pickup.minecraft.beef":31,"stat.entityKilledBy.Skeleton":16,"stat.sprintOneCm":660224,"stat.drop.minecraft.leather":9,"stat.killEntity.Husk":2,"stat.drop.narutomod.scroll_body_replacement":1,"stat.entityKilledBy.Creeper":6,"stat.useItem.minecraft.beef":4,"stat.deaths":73,"stat.drop":283,"stat.pickup.minecraft.egg":4,"stat.playOneMinute":341344,"stat.drop.minecraft.string":3,"stat.killEntity.Zombie":40,"stat.craftItem.minecraft.dye":1,"stat.entityKilledBy.deidara":1,"stat.mineBlock.minecraft.tallgrass":87,"stat.diveOneCm":11625,"stat.chestOpened":13,"stat.pickup.minecraft.pumpkin":1,"stat.drop.minecraft.wooden_pickaxe":5,"stat.pickup.minecraft.gravel":3,"stat.pickup.minecraft.iron_sword":2,"stat.pickup.minecraft.arrow":21,"stat.pickup.minecraft.stone_axe":1,"stat.useItem.minecraft.apple":1,"stat.mineBlock.minecraft.deadbush":7,"stat.useItem.minecraft.rotten_flesh":26,"stat.drop.minecraft.cooked_porkchop":7,"stat.jump":4842,"stat.useItem.minecraft.sand":16,"stat.pickup.minecraft.coal":5,"stat.fallOneCm":158809,"stat.pickup.minecraft.iron_ingot":2,"stat.killEntity.whitezetsu":1,"stat.pickup.narutomod.scroll_body_replacement":1,"stat.drop.minecraft.stone_sword":4,"stat.useItem.minecraft.stone_axe":1,"stat.pickup.minecraft.gunpowder":4,"stat.crouchOneCm":6556,"stat.pickup.minecraft.spider_eye":9,"stat.pickup.minecraft.dirt":382,"stat.drop.minecraft.bed":1,"stat.craftingTableInteraction":15,"stat.pickup.minecraft.wooden_pickaxe":7,"stat.entityKilledBy.itachi":1,"stat.damageTaken":27033,"stat.pickup.minecraft.leather":27,"stat.pickup.minecraft.feather":5,"stat.drop.minecraft.bone":13,"stat.mineBlock.minecraft.red_flower":2,"stat.useItem.minecraft.wooden_pickaxe":59,"stat.pickup.minecraft.planks":2,"stat.entityKilledBy.ZombieVillager":3,"stat.pickup.minecraft.bed":5,"stat.pickup.minecraft.wheat_seeds":11,"stat.pickup.minecraft.potato":1,"stat.entityKilledBy.Zombie":22,"stat.pickup.minecraft.rabbit_hide":1,"stat.mineBlock.minecraft.gravel":4,"stat.useItem.minecraft.stone_sword":15,"stat.damageDealt":22344,"stat.killEntity.Rabbit":1,"stat.killEntity.Cow":15,"stat.mineBlock.minecraft.dirt":231,"stat.drop.minecraft.stick":16,"stat.walkOneCm":1369062,"stat.playerKills":12,"stat.pickup.minecraft.stick":17,"stat.drop.minecraft.rotten_flesh":11,"stat.pickup.minecraft.clay_ball":8,"stat.useItem.minecraft.cobblestone":19,"stat.useItem.minecraft.gravel":1,"stat.mineBlock.minecraft.double_plant":1,"stat.pickup.minecraft.log":25,"stat.pickup.narutomod.shuriken":1,"stat.drop.minecraft.planks":6,"stat.pickup.minecraft.stone":2,"stat.drop.minecraft.sapling":16,"stat.pickup.minecraft.chicken":3,"stat.pickup.minecraft.sapling":26,"stat.pickup.minecraft.cooked_beef":4,"stat.pickup.minecraft.apple":2,"stat.killEntity.Skeleton":13,"stat.drop.minecraft.bow":2,"stat.entityKilledBy.whitezetsu":3,"stat.craftItem.minecraft.planks":4,"stat.useItem.minecraft.iron_sword":241,"stat.killEntity.Chicken":3,"stat.killEntity.Spider":11,"stat.pickup.minecraft.stone_sword":5,"stat.mobKills":86,"stat.mineBlock.minecraft.log":1,"stat.entityKilledBy.Husk":1,"stat.pickup.narutomod.scroll_poison_mist":1,"stat.mineBlock.minecraft.leaves":61,"stat.pickup.minecraft.red_flower":4,"stat.sneakTime":17867,"stat.pickup.minecraft.rabbit":1,"stat.drop.minecraft.beef":5,"stat.drop.minecraft.stone_axe":1,"stat.drop.minecraft.arrow":2,"stat.drop.minecraft.yellow_flower":3,"stat.pickup.minecraft.yellow_flower":4,"stat.mineBlock.minecraft.stone":42,"stat.useItem.minecraft.sandstone":1}