{"stat.useItem.minecraft.bow":11,"stat.pickup.minecraft.bone":36,"stat.leaveGame":15,"stat.drop.minecraft.shield":1,"stat.useItem.minecraft.mutton":10,"stat.killEntity.PigZombie":2,"stat.swimOneCm":26490,"stat.craftItem.minecraft.shield":1,"stat.pickup.minecraft.porkchop":35,"stat.useItem.minecraft.dirt":4,"stat.useItem.minecraft.stone_slab2":23,"stat.pickup.minecraft.bow":4,"stat.pickup.minecraft.rotten_flesh":47,"stat.pickup.minecraft.sand":11,"stat.craftItem.minecraft.furnace":1,"stat.entityKilledBy.Spider":3,"stat.craftItem.minecraft.stone_axe":3,"stat.craftItem.minecraft.cooked_beef":29,"stat.killEntity.Enderman":2,"stat.pickup.minecraft.cobblestone":66,"stat.entityKilledBy.hidan":1,"stat.craftItem.minecraft.stone_sword":2,"stat.flyOneCm":2526149,"stat.pickup.minecraft.brown_mushroom":3,"stat.pickup.narutomod.kunai":2,"stat.killEntity.Witch":1,"stat.drop.minecraft.wheat_seeds":3,"stat.drop.minecraft.sand":7,"stat.useItem.minecraft.cooked_beef":14,"stat.mineBlock.minecraft.iron_ore":22,"stat.timeSinceDeath":4148,"stat.craftItem.narutomod.shuriken":3,"stat.useItem.minecraft.iron_pickaxe":152,"stat.craftItem.minecraft.wooden_pickaxe":2,"stat.pickup.minecraft.mutton":5,"stat.craftItem.minecraft.iron_block":1,"stat.pickup.minecraft.double_plant":2,"stat.drop.minecraft.coal":4,"stat.craftItem.minecraft.bed":1,"stat.useItem.minecraft.potato":10,"stat.furnaceInteraction":21,"stat.useItem.minecraft.cooked_porkchop":20,"stat.killEntity.ZombieVillager":1,"stat.mineBlock.minecraft.coal_ore":49,"stat.killEntity.Creeper":16,"stat.pickup.minecraft.shield":1,"stat.pickup.minecraft.string":37,"stat.pickup.minecraft.beef":126,"stat.entityKilledBy.Skeleton":4,"stat.craftItem.minecraft.stone_slab2":0,"stat.sprintOneCm":596106,"stat.craftItem.minecraft.stick":16,"stat.mineBlock.minecraft.crafting_table":2,"stat.killEntity.Husk":28,"stat.entityKilledBy.Creeper":3,"stat.useItem.minecraft.beef":24,"stat.deaths":35,"stat.drop":66,"stat.pickup.minecraft.egg":1,"stat.playOneMinute":242687,"stat.killEntity.Sheep":4,"stat.killEntity.Zombie":35,"stat.mineBlock.minecraft.tallgrass":58,"stat.diveOneCm":14824,"stat.chestOpened":13,"stat.drop.minecraft.wooden_pickaxe":1,"stat.pickup.minecraft.arrow":26,"stat.craftItem.minecraft.cooked_porkchop":27,"stat.useItem.minecraft.porkchop":12,"stat.jump":3968,"stat.pickup.minecraft.coal":49,"stat.fallOneCm":155096,"stat.pickup.minecraft.iron_ingot":3,"stat.killEntity.whitezetsu":5,"stat.pickup.narutomod.scroll_body_replacement":1,"stat.craftItem.narutomod.kunai":3,"stat.drop.minecraft.stone_sword":1,"stat.useItem.minecraft.stone_axe":216,"stat.pickup.minecraft.gunpowder":15,"stat.crouchOneCm":150250,"stat.pickup.minecraft.spider_eye":15,"stat.craftItem.minecraft.chest":1,"stat.craftItem.minecraft.iron_ingot":18,"stat.pickup.minecraft.dirt":41,"stat.craftingTableInteraction":23,"stat.pickup.minecraft.iron_ore":21,"stat.damageTaken":13448,"stat.pickup.minecraft.leather":71,"stat.pickup.minecraft.feather":2,"stat.useItem.minecraft.wooden_pickaxe":48,"stat.pickup.minecraft.bed":4,"stat.pickup.minecraft.wheat_seeds":15,"stat.pickup.minecraft.potato":16,"stat.useItem.narutomod.cleaver":595,"stat.entityKilledBy.Zombie":2,"stat.useItem.minecraft.stone_sword":61,"stat.damageDealt":45386,"stat.sleepInBed":3,"stat.killEntity.Cow":59,"stat.mineBlock.minecraft.dirt":17,"stat.useItem.minecraft.crafting_table":1,"stat.killEntity.Pig":18,"stat.walkOneCm":898205,"stat.playerKills":9,"stat.pickup.minecraft.stick":1,"stat.pickup.minecraft.iron_nugget":7,"stat.drop.minecraft.rotten_flesh":40,"stat.useItem.minecraft.log":2,"stat.pickup.minecraft.crafting_table":2,"stat.useItem.minecraft.cobblestone":20,"stat.craftItem.minecraft.crafting_table":3,"stat.mineBlock.minecraft.double_plant":3,"stat.pickup.minecraft.log":20,"stat.craftItem.narutomod.cleaver":1,"stat.pickup.minecraft.stone":10,"stat.craftItem.minecraft.iron_chestplate":1,"stat.pickup.minecraft.chicken":4,"stat.pickup.minecraft.sapling":4,"stat.entityKilledBy.Enderman":1,"stat.killEntity.Skeleton":26,"stat.drop.minecraft.bow":1,"stat.pickup.minecraft.beetroot":3,"stat.entityKilledBy.whitezetsu":5,"stat.craftItem.minecraft.planks":48,"stat.killEntity.Chicken":4,"stat.killEntity.Spider":45,"stat.mobKills":271,"stat.mineBlock.minecraft.log":19,"stat.useItem.minecraft.golden_apple":6,"stat.mineBlock.minecraft.leaves":12,"stat.pickup.minecraft.beetroot_seeds":13,"stat.pickup.minecraft.red_flower":1,"stat.sneakTime":22196,"stat.pickup.minecraft.wool":4,"stat.drop.minecraft.beef":8,"stat.pickup.minecraft.yellow_flower":1,"stat.mineBlock.minecraft.stone":83}