{"stat.pickup.minecraft.bone":6,"stat.leaveGame":4,"stat.drop.minecraft.gunpowder":8,"stat.pickup.minecraft.stone_pickaxe":2,"stat.mineBlock.minecraft.sandstone":1,"stat.swimOneCm":17928,"stat.drop.minecraft.cobblestone":9,"stat.pickup.minecraft.cooked_porkchop":7,"stat.pickup.minecraft.porkchop":16,"stat.useItem.minecraft.dirt":2,"stat.useItem.minecraft.stone_slab2":16,"stat.pickup.minecraft.bow":1,"stat.pickup.minecraft.rotten_flesh":48,"stat.pickup.minecraft.sand":1,"stat.craftItem.minecraft.cooked_beef":21,"stat.killEntity.Enderman":5,"stat.pickup.minecraft.cobblestone":54,"stat.flyOneCm":2475429,"stat.pickup.minecraft.sandstone":1,"stat.pickup.narutomod.kunai":3,"stat.killEntity.Witch":1,"stat.drop.minecraft.wheat_seeds":1,"stat.drop.minecraft.sand":1,"stat.useItem.minecraft.cooked_beef":26,"stat.pickup.minecraft.cactus":2,"stat.mineBlock.minecraft.iron_ore":20,"stat.timeSinceDeath":27496,"stat.craftItem.narutomod.shuriken":6,"stat.pickup.minecraft.mutton":23,"stat.pickup.minecraft.double_plant":2,"stat.furnaceInteraction":20,"stat.drop.minecraft.gravel":1,"stat.drop.minecraft.dirt":2,"stat.useItem.minecraft.cooked_porkchop":7,"stat.killEntity.ZombieVillager":4,"stat.mineBlock.minecraft.coal_ore":52,"stat.pickup.minecraft.shield":1,"stat.killEntity.Creeper":12,"stat.talkedToVillager":2,"stat.pickup.minecraft.string":31,"stat.pickup.minecraft.beef":18,"stat.useItem.minecraft.cooked_mutton":6,"stat.drop.minecraft.cactus":1,"stat.craftItem.minecraft.stone_slab2":0,"stat.sprintOneCm":1160833,"stat.killEntity.Husk":18,"stat.entityKilledBy.Creeper":1,"stat.pickup.minecraft.sugar":3,"stat.deaths":35,"stat.drop":48,"stat.pickup.narutomod.scroll_false_darkness":1,"stat.playOneMinute":394256,"stat.killEntity.Sheep":15,"stat.killEntity.Zombie":20,"stat.mineBlock.minecraft.tallgrass":21,"stat.diveOneCm":30748,"stat.pickup.minecraft.cooked_mutton":7,"stat.chestOpened":13,"stat.useItem.minecraft.stone":5,"stat.pickup.minecraft.gravel":1,"stat.pickup.minecraft.iron_sword":1,"stat.pickup.minecraft.arrow":30,"stat.pickup.minecraft.stone_axe":1,"stat.pickup.minecraft.obsidian":6,"stat.craftItem.minecraft.iron_nugget":18,"stat.jump":4327,"stat.pickup.minecraft.coal":51,"stat.fallOneCm":104312,"stat.pickup.minecraft.iron_ingot":15,"stat.drop.minecraft.stone":1,"stat.craftItem.narutomod.kunai":9,"stat.pickup.minecraft.gunpowder":12,"stat.crouchOneCm":16839,"stat.pickup.minecraft.spider_eye":6,"stat.pickup.minecraft.dirt":28,"stat.pickup.minecraft.iron_ore":20,"stat.craftingTableInteraction":5,"stat.drop.minecraft.double_plant":1,"stat.damageTaken":11467,"stat.pickup.minecraft.leather":14,"stat.pickup.minecraft.feather":5,"stat.pickup.minecraft.reeds":7,"stat.pickup.minecraft.bed":5,"stat.pickup.narutomod.kunai_3prong":1,"stat.pickup.minecraft.wheat_seeds":4,"stat.pickup.minecraft.potato":1,"stat.entityKilledBy.Zombie":7,"stat.useItem.minecraft.stone_pickaxe":130,"stat.damageDealt":28216,"stat.killEntity.Rabbit":2,"stat.killEntity.Cow":5,"stat.mineBlock.minecraft.dirt":14,"stat.killEntity.Pig":7,"stat.walkOneCm":979905,"stat.playerKills":25,"stat.pickup.minecraft.iron_nugget":3,"stat.drop.minecraft.rotten_flesh":14,"stat.useItem.minecraft.cobblestone":31,"stat.mineBlock.minecraft.double_plant":1,"stat.pickup.minecraft.log":5,"stat.pickup.narutomod.shuriken":2,"stat.pickup.minecraft.stone":10,"stat.drop.minecraft.sapling":3,"stat.pickup.minecraft.chicken":3,"stat.pickup.minecraft.sapling":4,"stat.pickup.minecraft.ender_pearl":1,"stat.pickup.minecraft.cooked_beef":5,"stat.killEntity.Skeleton":18,"stat.entityKilledBy.whitezetsu":2,"stat.useItem.minecraft.iron_sword":351,"stat.killEntity.Spider":20,"stat.mobKills":131,"stat.pickup.narutomod.scroll_poison_mist":2,"stat.mineBlock.minecraft.leaves":1,"stat.pickup.minecraft.torch":1,"stat.sneakTime":20532,"stat.pickup.minecraft.wool":15,"stat.drop.minecraft.arrow":6,"stat.useItem.narutomod.military_rations_pill":1,"stat.mineBlock.minecraft.stone":57}