{"stat.drop.minecraft.stone_pickaxe":3,"stat.pickup.minecraft.bone":8,"stat.pickup.minecraft.stone_pressure_plate":4,"stat.useItem.minecraft.iron_axe":167,"stat.leaveGame":5,"stat.pickup.minecraft.stone_pickaxe":1,"stat.pickup.minecraft.flint":1,"stat.entityKilledBy.Witch":4,"stat.craftItem.minecraft.iron_axe":1,"stat.mineBlock.minecraft.sandstone":2,"stat.swimOneCm":55762,"stat.craftItem.minecraft.shield":2,"stat.useItem.minecraft.planks":6,"stat.climbOneCm":2624,"stat.pickup.minecraft.cooked_porkchop":2,"stat.pickup.minecraft.porkchop":16,"stat.useItem.minecraft.dirt":9,"stat.useItem.minecraft.stone_slab2":33,"stat.drop.minecraft.iron_sword":3,"stat.useItem.minecraft.water_bucket":1,"stat.pickup.minecraft.rotten_flesh":8,"stat.pickup.minecraft.sand":3,"stat.craftItem.minecraft.furnace":2,"stat.entityKilledBy.Spider":4,"stat.entityKilledBy.zabuza_momochi":1,"stat.pickup.narutomod.scroll_futon_chakra_flow":1,"stat.craftItem.minecraft.stone_pickaxe":3,"stat.craftItem.minecraft.cooked_beef":64,"stat.pickup.minecraft.cobblestone":52,"stat.flyOneCm":6283624,"stat.pickup.minecraft.sandstone":2,"stat.mineBlock.minecraft.sand":4,"stat.pickup.narutomod.kunai":6,"stat.drop.minecraft.wheat_seeds":3,"stat.drop.minecraft.sand":1,"stat.useItem.minecraft.cooked_beef":56,"stat.mineBlock.minecraft.iron_ore":42,"stat.timeSinceDeath":93783,"stat.pickup.minecraft.stained_hardened_clay":4,"stat.craftItem.minecraft.wooden_pickaxe":2,"stat.drop.minecraft.spider_eye":3,"stat.pickup.minecraft.mutton":23,"stat.drop.minecraft.cooked_mutton":7,"stat.pickup.narutomod.scroll_kage_bunshin":1,"stat.craftItem.minecraft.bed":5,"stat.furnaceInteraction":67,"stat.drop.minecraft.gravel":5,"stat.drop.minecraft.dirt":6,"stat.useItem.minecraft.cooked_porkchop":29,"stat.mineBlock.minecraft.coal_ore":38,"stat.pickup.minecraft.shield":1,"stat.pickup.minecraft.string":15,"stat.pickup.minecraft.beef":59,"stat.pickup.minecraft.furnace":2,"stat.useItem.minecraft.cooked_mutton":16,"stat.entityKilledBy.Skeleton":1,"stat.craftItem.minecraft.stone_slab2":0,"stat.pickup.minecraft.sandstone_stairs":1,"stat.mineBlock.minecraft.stained_hardened_clay":4,"stat.sprintOneCm":391570,"stat.drop.minecraft.leather":2,"stat.drop.minecraft.stone_pressure_plate":1,"stat.craftItem.minecraft.stick":16,"stat.useItem.minecraft.flint_and_steel":5,"stat.mineBlock.minecraft.crafting_table":6,"stat.killEntity.Husk":1,"stat.drop.narutomod.scroll_body_replacement":2,"stat.mineBlock.minecraft.planks":2,"stat.deaths":44,"stat.drop":90,"stat.playOneMinute":280974,"stat.drop.minecraft.string":9,"stat.mineBlock.minecraft.stone_pressure_plate":4,"stat.killEntity.Zombie":11,"stat.entityKilledBy.deidara":1,"stat.drop.minecraft.iron_ingot":8,"stat.mineBlock.minecraft.tallgrass":56,"stat.craftItem.minecraft.cooked_mutton":23,"stat.diveOneCm":46811,"stat.chestOpened":29,"stat.drop.minecraft.wooden_pickaxe":3,"stat.pickup.minecraft.gravel":12,"stat.pickup.minecraft.iron_sword":1,"stat.pickup.minecraft.arrow":11,"stat.drop.minecraft.cooked_beef":8,"stat.craftItem.minecraft.cooked_porkchop":14,"stat.drop.minecraft.cooked_porkchop":7,"stat.craftItem.minecraft.iron_nugget":9,"stat.jump":7254,"stat.pickup.minecraft.coal":37,"stat.fallOneCm":372088,"stat.killEntity.whitezetsu":4,"stat.pickup.narutomod.scroll_body_replacement":2,"stat.craftItem.narutomod.kunai_3prong":3,"stat.pickup.narutomod.scroll_great_fireball":1,"stat.crouchOneCm":228621,"stat.pickup.minecraft.spider_eye":3,"stat.craftItem.minecraft.iron_ingot":38,"stat.craftItem.minecraft.torch":4,"stat.pickup.minecraft.dirt":41,"stat.drop.minecraft.bed":2,"stat.craftingTableInteraction":26,"stat.pickup.minecraft.iron_ore":47,"stat.useItem.minecraft.sapling":2,"stat.craftItem.minecraft.flint_and_steel":1,"stat.pickup.minecraft.wooden_pickaxe":4,"stat.pickup.minecraft.leather":32,"stat.damageTaken":17955,"stat.mineBlock.minecraft.furnace":2,"stat.useItem.minecraft.wooden_pickaxe":44,"stat.mineBlock.minecraft.sandstone_stairs":1,"stat.pickup.narutomod.scroll_fire_stream":1,"stat.pickup.minecraft.planks":2,"stat.pickup.minecraft.bed":1,"stat.pickup.minecraft.wheat_seeds":9,"stat.entityKilledBy.Zombie":6,"stat.mineBlock.minecraft.gravel":5,"stat.useItem.minecraft.stone_pickaxe":126,"stat.damageDealt":17187,"stat.killEntity.Cow":22,"stat.mineBlock.minecraft.dirt":24,"stat.useItem.minecraft.crafting_table":1,"stat.craftItem.minecraft.iron_sword":2,"stat.walkOneCm":1195741,"stat.useItem.minecraft.torch":3,"stat.playerKills":27,"stat.drop.minecraft.rotten_flesh":6,"stat.pickup.minecraft.crafting_table":6,"stat.useItem.minecraft.cobblestone":21,"stat.craftItem.minecraft.crafting_table":3,"stat.useItem.minecraft.gravel":6,"stat.mineBlock.minecraft.double_plant":1,"stat.pickup.minecraft.log":77,"stat.pickup.narutomod.shuriken":3,"stat.pickup.minecraft.stone":1,"stat.drop.minecraft.sapling":1,"stat.pickup.minecraft.sapling":4,"stat.drop.narutomod.kunai_3prong":1,"stat.pickup.minecraft.cooked_beef":54,"stat.killEntity.Skeleton":4,"stat.pickup.narutomod.scroll_transformation":1,"stat.craftItem.minecraft.bucket":1,"stat.craftItem.minecraft.planks":64,"stat.killEntity.Spider":13,"stat.mobKills":60,"stat.mineBlock.minecraft.log":77,"stat.useItem.minecraft.golden_apple":5,"stat.mineBlock.minecraft.leaves":18,"stat.sneakTime":35777,"stat.pickup.minecraft.wool":15,"stat.drop.minecraft.beef":5,"stat.drop.minecraft.arrow":5,"stat.mineBlock.minecraft.stone":58,"stat.useItem.minecraft.sandstone":1}