{"stat.pickup.minecraft.double_plant":2,"stat.drop.narutomod.kunai":1,"stat.walkOneCm":279245,"stat.pickup.minecraft.bone":5,"stat.playerKills":3,"stat.drop.minecraft.rotten_flesh":2,"stat.leaveGame":1,"stat.pickup.minecraft.arrow":3,"stat.pickup.minecraft.crafting_table":2,"stat.furnaceInteraction":4,"stat.killEntity.Wolf":2,"stat.drop.minecraft.dirt":1,"stat.useItem.minecraft.cooked_porkchop":9,"stat.pickup.minecraft.log":1,"stat.drop.narutomod.shuriken":1,"stat.jump":1157,"stat.swimOneCm":36370,"stat.pickup.narutomod.shuriken":4,"stat.pickup.minecraft.iron_ingot":2,"stat.fallOneCm":13519,"stat.pickup.minecraft.beef":13,"stat.useItem.minecraft.cooked_mutton":6,"stat.drop.minecraft.sapling":2,"stat.crouchOneCm":661,"stat.pickup.minecraft.sapling":4,"stat.pickup.minecraft.dirt":82,"stat.useItem.minecraft.dirt":13,"stat.sprintOneCm":3231,"stat.useItem.minecraft.stone_slab2":1,"stat.craftingTableInteraction":2,"stat.pickup.minecraft.rotten_flesh":12,"stat.killEntity.Skeleton":1,"stat.damageTaken":3205,"stat.pickup.minecraft.leather":7,"stat.mineBlock.minecraft.crafting_table":2,"stat.mineBlock.minecraft.red_flower":2,"stat.craftItem.minecraft.cooked_beef":1,"stat.mobKills":15,"stat.mineBlock.minecraft.log":1,"stat.entityKilledBy.Creeper":1,"stat.entityKilledBy.ZombieVillager":1,"stat.flyOneCm":10081,"stat.deaths":7,"stat.drop":8,"stat.pickup.minecraft.wheat_seeds":9,"stat.mineBlock.minecraft.leaves":87,"stat.pickup.narutomod.kunai":4,"stat.playOneMinute":56186,"stat.entityKilledBy.Zombie":2,"stat.pickup.minecraft.red_flower":3,"stat.sneakTime":149,"stat.damageDealt":2629,"stat.killEntity.Zombie":5,"stat.timeSinceDeath":4590,"stat.drop.minecraft.iron_ingot":1,"stat.killEntity.Cow":6,"stat.mineBlock.minecraft.dirt":83,"stat.mineBlock.minecraft.tallgrass":46,"stat.craftItem.minecraft.cooked_mutton":5,"stat.diveOneCm":13676,"stat.pickup.minecraft.cooked_mutton":1}